id,nombre,apellido,email,gender,notas
1,Nonah,Purnell,npurnell0@state.gov,Female,4
2,Gabriellia,Dumphreys,gdumphreys1@about.me,Female,5
3,Becca,Prydie,bprydie2@yellowpages.com,Female,10
4,Kassia,De Domenicis,kdedomenicis3@mashable.com,Female,9
5,Obediah,Antrobus,oantrobus4@ameblo.jp,Male,4
6,Roselle,Palleske,rpalleske5@sfgate.com,Female,8
7,Bo,Heyfield,bheyfield6@unicef.org,Male,6
8,Pippo,Flanders,pflanders7@google.com.hk,Male,8
9,Karlen,Fitzhenry,kfitzhenry8@gizmodo.com,Female,1
10,Bert,Kaming,bkaming9@nbcnews.com,Male,3
11,Lemuel,De Rechter,lderechtera@alibaba.com,Male,5
12,Izak,Radborne,iradborneb@freewebs.com,Male,9
13,Johannes,Staley,jstaleyc@chronoengine.com,Male,4
14,Billy,Andrault,bandraultd@discovery.com,Male,10
15,Brok,Pavier,bpaviere@mayoclinic.com,Male,6
16,Daryl,Gripton,dgriptonf@istockphoto.com,Polygender,4
17,Donavon,Dono,ddonog@prweb.com,Male,2
18,Maighdiln,Yakob,myakobh@unesco.org,Female,10
19,Beau,Adshede,badshedei@google.es,Male,5
20,Guillaume,Marval,gmarvalj@eepurl.com,Agender,5
21,Britta,Beldan,bbeldank@webs.com,Female,6
22,Simonne,Alonso,salonsol@hugedomains.com,Female,3
23,Lorrie,Swaisland,lswaislandm@mapy.cz,Female,2
24,Riley,Vauter,rvautern@cargocollective.com,Polygender,6
25,Josepha,Kopecka,jkopeckao@accuweather.com,Female,8
26,Carlie,Veevers,cveeversp@liveinternet.ru,Genderfluid,4
27,Shawna,Tschiersch,stschierschq@cornell.edu,Female,3
28,Ofilia,Hadeke,ohadeker@opensource.org,Female,3
29,Roxy,Lea,rleas@plala.or.jp,Polygender,10
30,Welch,Tillyer,wtillyert@adobe.com,Male,2
31,Jenifer,Gross,jgrossu@wordpress.org,Female,5
32,Sammy,Browning,sbrowningv@pagesperso-orange.fr,Female,3
